{"network":{"stations":[{"name":"Métro de l'Église (Ross / de l'Église)","latitude":45.4628312022419,"longitude":-73.56593772768973},{"name":"Square-Victoria (Viger / du Square-Victoria)","latitude":45.50208503935104,"longitude":-73.56294138360681},{"name":"Hudson / Goyer","latitude":45.507437367855864,"longitude":-73.63265757772751},{"name":"Marché Jean-Talon (Casgrain / Shamrock)","latitude":45.53519006163501,"longitude":-73.61548215150833},{"name":"du Fort Saint-Louis / de la Perrière","latitude":45.613330089384625,"longitude":-73.45154017210007},{"name":"de Maisonneuve / Aylmer (ouest)","latitude":45.505173440423306,"longitude":-73.5706517100334},{"name":"Rivard / du Mont-Royal","latitude":45.524558956532104,"longitude":-73.58263313770294},{"name":"Hamilton / Jolicoeur","latitude":45.45670692115263,"longitude":-73.59764814376831},{"name":"de Lisieux / Jean-Talon","latitude":45.57934937043077,"longitude":-73.58168095350266},{"name":"Drolet / Beaubien","latitude":45.533348,"longitude":-73.605834},{"name":"McGill / Wellington","latitude":45.499447710650415,"longitude":-73.55489909648894},{"name":"Parc LaSalle (10e avenue / Victoria)","latitude":45.43805550384184,"longitude":-73.67273926734924},{"name":"CHSLD Joseph-François-Perrault (St-Michel / Everett)","latitude":45.55969734528566,"longitude":-73.60145956277847},{"name":"Parc de Montréal-Est (Notre-Dame / David)","latitude":45.61316323215739,"longitude":-73.50989364087582},{"name":"Boyer / Bélanger","latitude":45.54006,"longitude":-73.60897},{"name":"Christophe-Colomb / Gilford","latitude":45.52951597528168,"longitude":-73.58263850212097},{"name":"Mackay / René-Lévesque","latitude":45.49445745087875,"longitude":-73.57411649085407},{"name":"University / Prince-Arthur","latitude":45.5074794530521,"longitude":-73.57864737510681},{"name":"Hôpital Général Juif (de la Côte-Ste-Catherine / Légaré)","latitude":45.49624140543275,"longitude":-73.62983867526054},{"name":"Poupart / Ontario","latitude":45.531836726498305,"longitude":-73.55348825454712},{"name":"Logan / Lafayette","latitude":45.51654502289009,"longitude":-73.50663459861607},{"name":"de Rouen / Hogan","latitude":45.53636263222538,"longitude":-73.55421245098114},{"name":"Letourneux / Hochelaga","latitude":45.55465888075087,"longitude":-73.54660302400589},{"name":"Métro Frontenac (Ontario / du Havre)","latitude":45.533705987798946,"longitude":-73.55217933654784},{"name":"des Ormeaux /  Notre-Dame","latitude":45.59919866666637,"longitude":-73.5121876001358},{"name":"Duluth  / St-Denis","latitude":45.52062760607925,"longitude":-73.57594907283782},{"name":"Jeanne-Mance / St-Viateur","latitude":45.523026476635074,"longitude":-73.60184043645859},{"name":"Parc Armand-Bombardier (Perras / Armand-Bombardier)","latitude":45.6391233,"longitude":-73.5961118},{"name":"Canning / Notre-Dame","latitude":45.486318644010225,"longitude":-73.5702332854271},{"name":"Parc Howard (de l'Épée / de Liège)","latitude":45.533376932033164,"longitude":-73.64228380847635},{"name":"Murray / Wellington","latitude":45.49225247724067,"longitude":-73.55850666761398},{"name":"de l'Hotel-de-Ville / Ontario","latitude":45.51374520222444,"longitude":-73.56666326522826},{"name":"Parc Loyola (Doherty / Somerled)","latitude":45.45973217968101,"longitude":-73.64468067884445},{"name":"Collège de Maisonneuve (Sherbrooke / Bourbonnière)","latitude":45.55144364425768,"longitude":-73.55469642207026},{"name":"Parc du Père-Marquette (de Bellechasse / de Lanaudière)","latitude":45.539306918976,"longitude":-73.59521873295307},{"name":"Métro Monk (Allard / Briand)","latitude":45.45133291842274,"longitude":-73.59250903129578},{"name":"Jacques-Le Ber / de la Pointe Nord","latitude":45.47259900304475,"longitude":-73.5398056358099},{"name":"Ste-Famille / des Pins","latitude":45.512856179335664,"longitude":-73.57692807912827},{"name":"Boyer / Rosemont","latitude":45.53409866804061,"longitude":-73.59553456306458},{"name":"Montcalm / de Maisonneuve","latitude":45.519131967116216,"longitude":-73.55788965214742},{"name":"Mansfield / Ste-Catherine","latitude":45.50140664031126,"longitude":-73.57165485620499},{"name":"Victoria Hall (Sherbrooke)","latitude":45.48129146961133,"longitude":-73.6003303527832},{"name":"de Bordeaux / Rachel","latitude":45.53207532297607,"longitude":-73.56769983980485},{"name":"des Pins / Hutchison","latitude":45.510800289485616,"longitude":-73.57822090387344},{"name":"26e avenue / Bélanger","latitude":45.56725240529474,"longitude":-73.58511686325073},{"name":"Everett / Garnier","latitude":45.54758153109644,"longitude":-73.61220851540565},{"name":"de la Commune / Place Jacques-Cartier","latitude":45.50761009451047,"longitude":-73.55183601379395},{"name":"Atateken / du Square Amherst","latitude":45.520665992418884,"longitude":-73.5639146839003},{"name":"Notre-Dame-de-Grâce / Décarie","latitude":45.477332647079656,"longitude":-73.61529976129532},{"name":"Gauthier / de Lorimier","latitude":45.53166363055749,"longitude":-73.56536373496056},{"name":"Park Row O / Sherbrooke","latitude":45.46072936353252,"longitude":-73.63407254219055},{"name":"Carrefour Angrignon (Angrignon / Newman)","latitude":45.44843408492706,"longitude":-73.6129454523325},{"name":"Métro Radisson (Sherbrooke / des Groseilliers)","latitude":45.58917500418707,"longitude":-73.53965610265732},{"name":"de Kent / de la Côte-des-Neiges","latitude":45.50144933057703,"longitude":-73.63305062055588},{"name":"du Parc-Lafontaine / Rachel","latitude":45.52551168509886,"longitude":-73.57424452900887},{"name":"Pierre-de-Coubertin / Aird","latitude":45.55903106539297,"longitude":-73.54830354452133},{"name":"Parc Jean-Drapeau (Chemin Macdonald)","latitude":45.512470265414784,"longitude":-73.53212228978008},{"name":"Drummond / des-Canadiens-de-Montréal","latitude":45.49676067752141,"longitude":-73.57027635600843},{"name":"Richer / de Blois","latitude":45.59181536069939,"longitude":-73.67810368537903},{"name":"La Tour de Montréal (Pierre-de-Coubertin / Bennett)","latitude":45.55970526805903,"longitude":-73.55155438184738},{"name":"René-Lévesque / Papineau","latitude":45.52097057660443,"longitude":-73.5499919950962},{"name":"de Gentilly / Roland-Therrien","latitude":45.54086016564935,"longitude":-73.49124181550906},{"name":"Parthenais / Larivière","latitude":45.53025954525953,"longitude":-73.55784621096973},{"name":"de Gaspé / Fairmount","latitude":45.52557815939422,"longitude":-73.59285570681095},{"name":"Ste-Catherine / Dézéry","latitude":45.539385081961676,"longitude":-73.54099988937377},{"name":"Brittany / Ainsley","latitude":45.52588991809354,"longitude":-73.65003436803818},{"name":"Wolfe / Robin","latitude":45.51959908817399,"longitude":-73.56020073872969},{"name":"du Havre / Hochelaga","latitude":45.535839774830706,"longitude":-73.55793272432493},{"name":"Grand Boulevard / Sherbrooke","latitude":45.46659823105616,"longitude":-73.62334638833998},{"name":"Gare Centrale (de la Gauchetière / Mansfield)","latitude":45.49982531155875,"longitude":-73.5660799094876},{"name":"Métro Laurier (Berri / St-Joseph)","latitude":45.52723106564012,"longitude":-73.58672618865965},{"name":"Ste-Claire / Pierre-Tétreault","latitude":45.60191332161639,"longitude":-73.52441847324371},{"name":"Bibliothèque Jean-Corbeil (Goncourt / Place Montrichard)","latitude":45.6027276,"longitude":-73.5579303},{"name":"Parc nature de l'Île-de-la-Visitation (Gouin / de Bruchési)","latitude":45.57833184623925,"longitude":-73.65595400333405},{"name":"Hotel-de-Ville / du Mont-Royal","latitude":45.522178004145694,"longitude":-73.58460858464241},{"name":"Drummond / Sherbrooke","latitude":45.500535752214155,"longitude":-73.578113079202},{"name":"Métro Cartier (des Laurentides)","latitude":45.56007440937141,"longitude":-73.68125259876251},{"name":"CÉGEP du Vieux-Montréal (Ontario / de l'Hôtel-de-Ville)","latitude":45.51401222645779,"longitude":-73.56598667800426},{"name":"CHU Ste-Justine (de la Côte Ste-Catherine / Hudson)","latitude":45.50398168549117,"longitude":-73.62283945083618},{"name":"Sanguinet / de Maisonneuve","latitude":45.51344071816516,"longitude":-73.56261849403381},{"name":"Desjardins / Ontario","latitude":45.55118417872238,"longitude":-73.54087114334106},{"name":"Valois / Ste-Catherine","latitude":45.545320836331165,"longitude":-73.53745266795158},{"name":"Rosemont / Viau","latitude":45.56833021674857,"longitude":-73.56666326522826},{"name":"Robert-Bourassa / St-Maurice","latitude":45.49837045828952,"longitude":-73.56055587530136},{"name":"Alexandre-DeSève / Ontario","latitude":45.524378086614014,"longitude":-73.56054916977882},{"name":"Berri / de Maisonneuve","latitude":45.515313505702075,"longitude":-73.56135049208204},{"name":"Mansfield / Sherbrooke","latitude":45.50301533529815,"longitude":-73.5751303658617},{"name":"Émile-Duployé / Sherbrooke","latitude":45.52719536319051,"longitude":-73.5645255446434},{"name":"de la Côte St-Antoine / Argyle","latitude":45.48624101696415,"longitude":-73.59572768211365},{"name":"Maguire / St-Laurent","latitude":45.524628485592636,"longitude":-73.5958108305931},{"name":"Notre-Dame / St-Martin","latitude":45.48830194643546,"longitude":-73.56871783733366},{"name":"St-André /  Cherrier","latitude":45.52050169308784,"longitude":-73.56770128011703},{"name":"Lafontaine / Panet","latitude":45.52209288121081,"longitude":-73.55914508279966},{"name":"Ernest-Gendreau / du Mont-Royal","latitude":45.549713734001415,"longitude":-73.56384828686714},{"name":"Ste-Catherine / St-Laurent","latitude":45.50991130818593,"longitude":-73.56380604207516},{"name":"Sewell / Roy","latitude":45.51467743947122,"longitude":-73.57659816741943},{"name":"Plessis / René-Lévesque","latitude":45.51937504116866,"longitude":-73.55190977454185},{"name":"Lamarre / Lavallée","latitude":45.53374770433337,"longitude":-73.48599582910538},{"name":"Laval / Rachel","latitude":45.52022449558384,"longitude":-73.5795271396637},{"name":"Mairie d'arrondissement St-Laurent (Beaudet / Marcel-Laurin)","latitude":45.50682415585665,"longitude":-73.68184804916382},{"name":"Édouard-Montpetit / de Stirling","latitude":45.50737888711866,"longitude":-73.61485987901688},{"name":"Jogues / Allard","latitude":45.450020323797766,"longitude":-73.60030621290207},{"name":"Parc Laurier (Laurier / Dubuc)","latitude":45.533610547532355,"longitude":-73.47374618053436},{"name":"St-Jean-Baptiste / René-Lévesque","latitude":45.64141535746634,"longitude":-73.4999567270279},{"name":"Alton-Goldbloom / Notre-Dame","latitude":45.54502601340392,"longitude":-73.73787671327591},{"name":"La Fontaine / Alexandre-de-Sève","latitude":45.52330366033427,"longitude":-73.55799973011017},{"name":"Bishop / Ste-Catherine","latitude":45.496597761984034,"longitude":-73.57650284979172},{"name":"St-Ambroise / Louis-Cyr","latitude":45.47519326260791,"longitude":-73.58094334602356},{"name":"Parc Ferland (Belleherbe / Albanel)","latitude":45.59573798024675,"longitude":-73.59529852867126},{"name":"St-Urbain / Laurier","latitude":45.52164617544124,"longitude":-73.59366774559021},{"name":"Chabot / Villeray","latitude":45.552289376429215,"longitude":-73.61300647258759},{"name":"20e avenue / de Bellechasse","latitude":45.55992951142522,"longitude":-73.5767751932144},{"name":"Centre récréatif Édouard-Rivet (Notre-Dame / Lesage)","latitude":45.62846158049899,"longitude":-73.49952153861523},{"name":"de Côme / Jean-Talon","latitude":45.58830296569168,"longitude":-73.57783721439773},{"name":"Métro Sauvé (Berri / Sauvé)","latitude":45.550692068419764,"longitude":-73.65636706352234},{"name":"Marquette / Fleury","latitude":45.56735205736566,"longitude":-73.65378744900227},{"name":"Centre ÉPIC (St-Zotique / 40e avenue)","latitude":45.57414703721992,"longitude":-73.57462137937546},{"name":"Francis / Fleury","latitude":45.56387237463668,"longitude":-73.6555677652359},{"name":"Chabanel / du Parc","latitude":45.53830765459552,"longitude":-73.6548838019371},{"name":"Kirkfield / de Chambois","latitude":45.51293324107222,"longitude":-73.63389015197754},{"name":"Labadie / du Parc","latitude":45.5198946757576,"longitude":-73.59682738780975},{"name":"Métro Assomption (Chauveau / de l'Assomption)","latitude":45.569789,"longitude":-73.548081},{"name":"Garnier / Villeray","latitude":45.54948004519436,"longitude":-73.61605471489383},{"name":"Bloomfield / Bernard","latitude":45.520338193708305,"longitude":-73.60775470733641},{"name":"de Bullion / St-Joseph","latitude":45.5240365462478,"longitude":-73.59019160270691},{"name":"Hôpital Santa Cabrini (de Pontoise / d'Évreux)","latitude":45.58135403391153,"longitude":-73.57260999085156},{"name":"Chambord / Gilford","latitude":45.53149589691095,"longitude":-73.58106877662067},{"name":"de Bordeaux / Jean-Talon","latitude":45.54975479298636,"longitude":-73.60556602478027},{"name":"Fullum / Gilford","latitude":45.539198007249375,"longitude":-73.5737818479538},{"name":"La Fontaine / Cadillac","latitude":45.5698417467524,"longitude":-73.52553829550743},{"name":"Émile-Duployé / Rachel","latitude":45.52970707609694,"longitude":-73.56998120721983},{"name":"St-Jacques / McGill","latitude":45.501148148218206,"longitude":-73.56082946062088},{"name":"O'Brien / Poirier","latitude":45.52252484113786,"longitude":-73.69143962860107},{"name":"St-Joseph / Lamoureux","latitude":45.59260312756609,"longitude":-73.33754654508994},{"name":"Parc Plage","latitude":45.50263433100114,"longitude":-73.52749290572318},{"name":"St-Dominique / Gounod","latitude":45.538591573269706,"longitude":-73.62778007984161},{"name":"Cartier / Dandurand","latitude":45.53923559055867,"longitude":-73.58594566583633},{"name":"Parc St-Laurent (Salk / Thomas-Chapais)","latitude":45.6062348,"longitude":-73.6287838},{"name":"Garnier / St-Joseph","latitude":45.53329492220251,"longitude":-73.58165103477404},{"name":"de Grosbois / Duchesneau","latitude":45.611230741550536,"longitude":-73.5312415660519},{"name":"Mozart / St-Laurent","latitude":45.53328624709234,"longitude":-73.61546382309369},{"name":"Calixa-Lavallée / Sherbrooke","latitude":45.52479,"longitude":-73.56545},{"name":"de Maisonneuve / Mansfield (sud)","latitude":45.502053864057466,"longitude":-73.57346534729004},{"name":"6e avenue / Villeray","latitude":45.55873962047568,"longitude":-73.60589044634253},{"name":"Jeanne-Mance / St-Martin O","latitude":45.55729575447216,"longitude":-73.74795377254486},{"name":"de Hampton / de Monkland","latitude":45.47117930747152,"longitude":-73.6270022392273},{"name":"Notre-Dame-de-Grâce / Westmount","latitude":45.48046706437983,"longitude":-73.61122308304402},{"name":"St-Cyril / Wiseman","latitude":45.52085479492202,"longitude":-73.61573964357376},{"name":"Parc Eusèbe-Ménard (Gouin / St-Vital)","latitude":45.59253950875074,"longitude":-73.64874824881554},{"name":"St-Urbain / de la Gauchetière","latitude":45.50707812811467,"longitude":-73.56139540672302},{"name":"Montmorency / du bon Pasteur","latitude":45.55329239896619,"longitude":-73.71069212807924},{"name":"des Érables / Rachel","latitude":45.533313304815366,"longitude":-73.56671154499054},{"name":"Sauriol / Cartier O","latitude":45.547431259234145,"longitude":-73.71622860431671},{"name":"Parc Honoré-Mercier (Notre-Dame / Liébert)","latitude":45.59275253568305,"longitude":-73.51035632193089},{"name":"Parc Félix-Leclerc (François-Boivin / St-Zotique)","latitude":45.5914549914687,"longitude":-73.56275528669356},{"name":"Ball / Bloomfield","latitude":45.529996997063385,"longitude":-73.63287091255188},{"name":"Calixa-Lavallée / Rachel 2","latitude":45.52783105277898,"longitude":-73.57195928692818},{"name":"Clark / Ontario","latitude":45.51049728732744,"longitude":-73.56678128242493},{"name":"d'Iberville / Fleury","latitude":45.575431237891664,"longitude":-73.64741921424866},{"name":"Place Longueuil","latitude":45.52841043752244,"longitude":-73.51716578006744},{"name":"Querbes / Laurier","latitude":45.51734250028862,"longitude":-73.59759449958801},{"name":"Ouimet / Goineau","latitude":45.57504823374693,"longitude":-73.68799567222595},{"name":"Fairmount / Hutchison","latitude":45.51969064184933,"longitude":-73.59826556408734},{"name":"de Grenoble / de Cassis","latitude":45.57889719514108,"longitude":-73.70492711663245},{"name":"Louis-Hébert / St-Zotique","latitude":45.55001,"longitude":-73.59576},{"name":"Parc Molson (d'Iberville / Beaubien)","latitude":45.54902230455398,"longitude":-73.59198164194822},{"name":"St-Charles / Montarville","latitude":45.5335557310391,"longitude":-73.51536766939716},{"name":"Roy / Saint-Laurent","latitude":45.51565182195085,"longitude":-73.57577390039296},{"name":"26e avenue / Beaubien","latitude":45.56485589064712,"longitude":-73.5774926841259},{"name":"St-Dominique / St-Zotique","latitude":45.53226461018495,"longitude":-73.6110632121563},{"name":"de la Côte-Ste-Catherine / Decelles","latitude":45.50094101588506,"longitude":-73.62563699483871},{"name":"de l'Esplanade / Beaubien","latitude":45.528399838582324,"longitude":-73.61192286014557},{"name":"Waverly / Van Horne","latitude":45.527363,"longitude":-73.607723},{"name":"André-Laurendeau / Rachel","latitude":45.54303187243879,"longitude":-73.56256484985352},{"name":"LaSalle / 37e avenue","latitude":45.416294661505354,"longitude":-73.6129005253315},{"name":"Cité des Arts du Cirque (Paul Boutet / des Regrattiers)","latitude":45.55982621051128,"longitude":-73.61538398272387},{"name":"Prince-Arthur / du Parc","latitude":45.51050104659654,"longitude":-73.57557892799377},{"name":"Louis-Hébert / Bélanger","latitude":45.55158518908433,"longitude":-73.59916493296623},{"name":"Marché Jean-Talon (Henri-Julien / Jean-Talon)","latitude":45.53678525128436,"longitude":-73.6148879583925},{"name":"Square Viger (Berri / Viger)","latitude":45.5121682576952,"longitude":-73.55481594800949},{"name":"5e avenue / Masson","latitude":45.54752382909683,"longitude":-73.57513636350632},{"name":"Wilderton  / Van Horne","latitude":45.51014162409143,"longitude":-73.6247518658638},{"name":"Stationnement incitatif de Montarville (de Montarville)","latitude":45.6011635681891,"longitude":-73.44999354332685},{"name":"Ottawa / William","latitude":45.48972725318433,"longitude":-73.56406286358833},{"name":"5e avenue / Rosemont","latitude":45.54990048023633,"longitude":-73.58308374881744},{"name":"Earnscliffe / Queen-Mary","latitude":45.48184399150666,"longitude":-73.6303972452879},{"name":"St-Laurent / Joliette","latitude":45.52893060032485,"longitude":-73.51326006931231},{"name":"St-Zotique / Clark","latitude":45.53143760098197,"longitude":-73.61270070075989},{"name":"de la Montagne / Notre-Dame","latitude":45.492913379064625,"longitude":-73.5646878182888},{"name":"St-André / Laurier","latitude":45.529485911283714,"longitude":-73.58760595321655},{"name":"Parc Charleroi (Alfred / Louis-Francoeur)","latitude":45.59953472156509,"longitude":-73.62360253930092},{"name":"Laurier / St-Denis","latitude":45.5271540234837,"longitude":-73.58943924307823},{"name":"St-Laurent / Pl. du Marché","latitude":45.50928960913111,"longitude":-73.56241598725319},{"name":"Louvain / d'Iberville","latitude":45.569397158794715,"longitude":-73.63372097439424},{"name":"Cégep André-Laurendeau (Lapierre)","latitude":45.43605512104547,"longitude":-73.60577523708344},{"name":"Métro St-Michel (Shaughnessy / St-Michel)","latitude":45.55897660298603,"longitude":-73.59951764345168},{"name":"Métro Joliette  (Hochelaga / Joliette)","latitude":45.54699194653282,"longitude":-73.55115339159964},{"name":"Mairie d'arrondissement Montréal-Nord (Hébert / de Charleroi)","latitude":45.59398503487043,"longitude":-73.63767206668854},{"name":"Place du Village (St-Jean-Baptiste / Notre-Dame)","latitude":45.640002860465096,"longitude":-73.49011301994324},{"name":"CCI Outremont (Dollard / Ducharme)","latitude":45.520019102391636,"longitude":-73.61890733242035},{"name":"de Gaspé / Dante","latitude":45.53429782539273,"longitude":-73.61217230558395},{"name":"Gare d'autocars de Montréal (Berri / Ontario)","latitude":45.516926210319546,"longitude":-73.56425732374191},{"name":"Parc St-Claude (7e Avenue / 8e rue)","latitude":45.56206585263884,"longitude":-73.69186341762543},{"name":"des Écores / Jean-Talon","latitude":45.55234118444412,"longitude":-73.6027979850769},{"name":"St-Hubert / Laurier","latitude":45.52893724049854,"longitude":-73.58786880970001},{"name":"Mairie d'arrondissement LaSalle (Dupras / Jeannette)","latitude":45.429166968311485,"longitude":-73.66280972957611},{"name":"3e avenue / Bannantyne","latitude":45.4577225021236,"longitude":-73.5763943195343},{"name":"Le Corbusier / St-Martin O","latitude":45.565006717407506,"longitude":-73.7319054454565},{"name":"de Chateaubriand / Jarry","latitude":45.54588672296563,"longitude":-73.62673670053482},{"name":"Hôpital Sacré-Coeur (Forbes)","latitude":45.531943590076395,"longitude":-73.71360540390015},{"name":"St-Dominique / Napoléon","latitude":45.51666442219882,"longitude":-73.57722043991089},{"name":"Métro Beaudry (Beaudry / Ste-Catherine)","latitude":45.51888453178292,"longitude":-73.55593845248222},{"name":"Georges-Vanier /  Notre-Dame","latitude":45.485045250515036,"longitude":-73.57192163679429},{"name":"Bloomfield / Elmwood","latitude":45.51825588419192,"longitude":-73.60320568084717},{"name":"Gloria / Dollard","latitude":45.42971096449354,"longitude":-73.633883446455},{"name":"Mozart / Drolet","latitude":45.536325056800145,"longitude":-73.61286163330078},{"name":"de la Côte St-Antoine / Royal","latitude":45.468926984877434,"longitude":-73.6198702454567},{"name":"Peel / Ottawa","latitude":45.49419955357054,"longitude":-73.55998456478119},{"name":"Clark / St-Viateur","latitude":45.5251943015533,"longitude":-73.59935637563467},{"name":"La Fontaine / Lyall","latitude":45.57943760505458,"longitude":-73.5196280479431},{"name":"de Bellechasse / de St-Vallier","latitude":45.53341043363302,"longitude":-73.60112428665161},{"name":"Ste-Catherine / St-Marc","latitude":45.49272145682932,"longitude":-73.58045586689514},{"name":"Aylwin / Ontario","latitude":45.544290485374304,"longitude":-73.54523241519928},{"name":"Hodge / Laperrière","latitude":45.51369983907863,"longitude":-73.6650772206849},{"name":"University / des Pins","latitude":45.50802525900976,"longitude":-73.57988489795387},{"name":"des Érables / Laurier","latitude":45.538514913607656,"longitude":-73.57769921422005},{"name":"Laird / Glencoe","latitude":45.50619158460727,"longitude":-73.64230799681536},{"name":"de Maisonneuve / Mansfield (sud-est)","latitude":45.50229349416256,"longitude":-73.5733064264059},{"name":"Notre-Dame / St-Gabriel","latitude":45.50714391928411,"longitude":-73.55511903762817},{"name":"Strathmore / Evelyn","latitude":45.46879366725799,"longitude":-73.56957480311394},{"name":"Métro Crémazie (Crémazie / Lajeunesse)","latitude":45.54640752148169,"longitude":-73.63842844963074},{"name":"Parc Reine-Élizabeth (Penniston / Crawford)","latitude":45.43914465255811,"longitude":-73.59173655509949},{"name":"Viger / Chenneville","latitude":45.50531166520915,"longitude":-73.56089115142822},{"name":"Jean-Brillant / Decelles","latitude":45.49778597185361,"longitude":-73.62017994139023},{"name":"Clark / Laurier","latitude":45.522583792261266,"longitude":-73.59361327255101},{"name":"Garnier / St-Grégoire","latitude":45.5358215436799,"longitude":-73.58710169792175},{"name":"22e avenue / Everett","latitude":45.56703834271867,"longitude":-73.59426856040955},{"name":"de la Commune / Berri","latitude":45.51086,"longitude":-73.54983},{"name":"77e Avenue / 2e Rue","latitude":45.536261178519666,"longitude":-73.73628079891205},{"name":"Union / René-Lévesque","latitude":45.50235036136798,"longitude":-73.56658279895781},{"name":"Sherbrooke / Benny","latitude":45.46489980721603,"longitude":-73.62700089812279},{"name":"de Gaspé / Beaubien","latitude":45.531957916826386,"longitude":-73.60700100660324},{"name":"Métro Place-des-Arts (du Président-Kennedy / Jeanne-Mance)","latitude":45.508204615051355,"longitude":-73.56881439685822},{"name":"Métro Henri-Bourassa (Henri-Bourassa / Millen)","latitude":45.55675103297278,"longitude":-73.66716161370277},{"name":"Stanley / René-Lévesque","latitude":45.49790394592446,"longitude":-73.57077571808077},{"name":"de Chambly / Rachel","latitude":45.54991069359101,"longitude":-73.55826258659361},{"name":"Atwater / Sherbrooke","latitude":45.4912258547597,"longitude":-73.58763009309769},{"name":"des Érables / Bélanger","latitude":45.54912085535069,"longitude":-73.60087350010872},{"name":"de Gaspé / St-Viateur","latitude":45.527672646696104,"longitude":-73.59738260507582},{"name":"Léon / Donck","latitude":45.55688821156085,"longitude":-73.6895003914833},{"name":"Union / Ste-Catherine","latitude":45.504027213143104,"longitude":-73.56970220804214},{"name":"de Lanaudière / Laurier","latitude":45.5333136054992,"longitude":-73.58373686671257},{"name":"St-Jacques / Vinet","latitude":45.485328993998365,"longitude":-73.57692271471024},{"name":"Keller / Cousineau","latitude":45.52355020292929,"longitude":-73.7138856947422},{"name":"Fullum / Ste-Catherine","latitude":45.527137816431285,"longitude":-73.54804444319598},{"name":"de Bordeaux / de Bellechasse","latitude":45.54325917626278,"longitude":-73.59154611825943},{"name":"Saint-Rémi / Valois","latitude":45.583961790351886,"longitude":-73.72082591056824},{"name":"4e avenue / de Verdun","latitude":45.45686162938348,"longitude":-73.57212341392369},{"name":"de Lanaudière / Marie-Anne","latitude":45.52932643090091,"longitude":-73.57480645179749},{"name":"Clark / de l'Arcade","latitude":45.527371996141,"longitude":-73.60398352146149},{"name":"Bourget / St-Jacques","latitude":45.48067368593179,"longitude":-73.58351558446884},{"name":"Parc Bariteau (Saint-Georges)","latitude":45.507181850364056,"longitude":-73.49484494889111},{"name":"Cartier / Rosemont","latitude":45.54124722370603,"longitude":-73.59104454517365},{"name":"de Bordeaux / du Mont-Royal","latitude":45.53451201270128,"longitude":-73.57283771038055},{"name":"Métro Sherbrooke (de Rigaud / Berri)","latitude":45.51814312154928,"longitude":-73.56800436973572},{"name":"Métro Langelier (Langelier / Sherbrooke)","latitude":45.58284663189181,"longitude":-73.54247644543648},{"name":"Logan / de Champlain","latitude":45.5231943285584,"longitude":-73.55584256350994},{"name":"du Marché Central / Crémazie","latitude":45.53341740599902,"longitude":-73.64888370037079},{"name":"Ontario / Ville-Marie","latitude":45.56001959585449,"longitude":-73.534934520776},{"name":"de Bordeaux / St-Joseph","latitude":45.53683253167888,"longitude":-73.57777421686478},{"name":"12e avenue / St-Zotique","latitude":45.5568667309625,"longitude":-73.589306473732},{"name":"Berri / Laurier","latitude":45.52809995527671,"longitude":-73.58843871625139},{"name":"Ste-Catherine / Drummond","latitude":45.498488900657,"longitude":-73.57436656951904},{"name":"Molson / Beaubien","latitude":45.54977750895228,"longitude":-73.59132108093945},{"name":"St-Antoine / 19e avenue","latitude":45.43993803436114,"longitude":-73.68146234754022},{"name":"Berri / Gilford","latitude":45.52677632748293,"longitude":-73.58606100082396},{"name":"Lucien-L'Allier / St-Jacques","latitude":45.493527268121085,"longitude":-73.56851667165755},{"name":"Fullum / Sherbrooke","latitude":45.53378566312351,"longitude":-73.56228053569794},{"name":"La Ronde","latitude":45.52156536710626,"longitude":-73.53533238172531},{"name":"Henri-Julien / du Carmel","latitude":45.52795093787009,"longitude":-73.59502326697111},{"name":"Marché Atwater","latitude":45.48020822800015,"longitude":-73.57759863138199},{"name":"Parc Noel-Nord (Toupin / Keller)","latitude":45.51758306374252,"longitude":-73.72661411762238},{"name":"Place Ville-Marie (Robert-Bourassa / René-Lévesque)","latitude":45.502182909901194,"longitude":-73.56825381517409},{"name":"Gauthier / Parthenais","latitude":45.53292625574653,"longitude":-73.56377989053726},{"name":"de l'Esplanade / Villeneuve","latitude":45.51943184213857,"longitude":-73.59095953859651},{"name":"St-Cuthbert / Clark","latitude":45.51567168354896,"longitude":-73.57744306325912},{"name":"Hélène-Baillargeon / St-Denis","latitude":45.52974,"longitude":-73.59527},{"name":"McTavish / Sherbrooke","latitude":45.50277615861811,"longitude":-73.57589408755302},{"name":"Newman / Senkus","latitude":45.44404309237571,"longitude":-73.61375212669373},{"name":"Victoria / 18e avenue Lachine","latitude":45.43579350588776,"longitude":-73.6801904439926},{"name":"McLynn / Plamondon","latitude":45.48911308766352,"longitude":-73.6470128595829},{"name":"Fabre / St-Zotique","latitude":45.543653916207866,"longitude":-73.60126135876271},{"name":"Shearer / Centre","latitude":45.4828250990486,"longitude":-73.56206325352105},{"name":"Gare LaSalle (Highlands)","latitude":45.425612687757926,"longitude":-73.65713578464238},{"name":"Métro Champ-de-Mars (Hôtel-de-Ville / Viger)","latitude":45.50956143036354,"longitude":-73.55743234369584},{"name":"de Maisonneuve / Mansfield (nord)","latitude":45.502386079583346,"longitude":-73.57333794236183},{"name":"Wellington / Queen","latitude":45.49770377469073,"longitude":-73.55534417554736},{"name":"du Champ-de-Mars / Gosford","latitude":45.50965520472071,"longitude":-73.55400860309601},{"name":"de l'Hôtel-de-Ville / Villeneuve","latitude":45.52348082760688,"longitude":-73.58732756238169},{"name":"Lincoln / St-Marc","latitude":45.49404056072524,"longitude":-73.58274042606354},{"name":"Casino de Montréal","latitude":45.5063732,"longitude":-73.52457672},{"name":"Marie-Anne / de la Roche","latitude":45.527550507601894,"longitude":-73.5762870311737},{"name":"30e avenue / de Bellechasse","latitude":45.566009328774356,"longitude":-73.57218861579895},{"name":"William / St-Henri","latitude":45.49896591854122,"longitude":-73.55703081942919},{"name":"Molson / William-Tremblay","latitude":45.541602844435374,"longitude":-73.56496073305605},{"name":"Coloniale / Duluth","latitude":45.51786873150825,"longitude":-73.57842743396758},{"name":"Gare St-Michel / Montréal-Nord (Pie-IX / 56e)","latitude":45.583197821913785,"longitude":-73.62978704273701},{"name":"Métro Jarry (Lajeunesse / Jarry)","latitude":45.54355974189168,"longitude":-73.62777203321457},{"name":"Fullum / de Rouen","latitude":45.53225536243612,"longitude":-73.55892024004788},{"name":"Aylmer / Sherbrooke","latitude":45.50629456823703,"longitude":-73.57282698154448},{"name":"10e avenue / Shaughnessy","latitude":45.55848643894798,"longitude":-73.59937280416489},{"name":"Harvard / de Monkland","latitude":45.474565185029945,"longitude":-73.62403571605682},{"name":"Principale / Jean-Duceppe","latitude":45.587907229193526,"longitude":-73.34771825004282},{"name":"Pierre-Péladeau / du Centropolis","latitude":45.56251175219665,"longitude":-73.74370649456978},{"name":"Parc J.-Arthur-Champagne (de Chambly / du Mont-Royal)","latitude":45.551584,"longitude":-73.561916},{"name":"CHSLD Robert Cliche (de Bellechasse / 16e avenue)","latitude":45.557568,"longitude":-73.579191},{"name":"Métro Papineau (Dorion / De Maisonneuve)","latitude":45.5238445756922,"longitude":-73.55236601831166},{"name":"Atwater / Greene","latitude":45.480495143306044,"longitude":-73.57782661914825},{"name":"St-Dominique / St-Viateur","latitude":45.52655700191558,"longitude":-73.5982757806778},{"name":"Souligny / Desmarteau","latitude":45.60444089974122,"longitude":-73.51611837744713},{"name":"William / Robert-Bourassa","latitude":45.49716534003792,"longitude":-73.55933010578154},{"name":"Mozart / Waverly","latitude":45.5315236502754,"longitude":-73.61701235175133},{"name":"Newman / Léger","latitude":45.4423746754694,"longitude":-73.61801972726425},{"name":"14e avenue / Jean-Talon","latitude":45.56132407262574,"longitude":-73.59629362821578},{"name":"St-Roch / Querbes","latitude":45.53020744279929,"longitude":-73.62907156348228},{"name":"de Mortagne / Jean-Neveu","latitude":45.56923752103412,"longitude":-73.44949901103973},{"name":"Sherbrooke / Jeanne-d'Arc","latitude":45.55398156058887,"longitude":-73.55496388156098},{"name":"Logan / Tiffin","latitude":45.513787364296896,"longitude":-73.50874415600629},{"name":"Jean Langlois / Fullum","latitude":45.526499983000186,"longitude":-73.54575277422555},{"name":"Parc Hector-Toe-Blake (du Sussex / René-Lévesque)","latitude":45.48915410275294,"longitude":-73.58088755610879},{"name":"Métro Montmorency (de l'Avenir)","latitude":45.55814299291968,"longitude":-73.71942043304443},{"name":"des Pins / St-Laurent","latitude":45.51522812881499,"longitude":-73.5750961303711},{"name":"Parc St-Laurent (Dutrisac)","latitude":45.52591381815231,"longitude":-73.68911147117615},{"name":"de St-Firmin / Fleury","latitude":45.570624722078364,"longitude":-73.6517858505249},{"name":"de l'Esplanade / du Mont-Royal","latitude":45.51825290855221,"longitude":-73.5883381962776},{"name":"Ann / Wellington","latitude":45.494520387544334,"longitude":-73.55676591396332},{"name":"Fernand-Lafontaine / Adoncour","latitude":45.5512193,"longitude":-73.483912},{"name":"Lanaudière / Jean-Talon","latitude":45.545350334193245,"longitude":-73.61032962799072},{"name":"Parc d'Antioche (Place d'Antioche / St-Zotique)","latitude":45.59566584124368,"longitude":-73.5596626996994},{"name":"Industriel / Louis-J.-Lafortune","latitude":45.58233612921748,"longitude":-73.4558343887329},{"name":"de Bordeaux / Sherbrooke","latitude":45.529914321737415,"longitude":-73.56302618980408},{"name":"de la Côte-des-Neiges / Remembrance","latitude":45.49552641538045,"longitude":-73.60578563064335},{"name":"Christophe-Colomb / Beaubien","latitude":45.53783932655299,"longitude":-73.60115647315979},{"name":"Aréna Rodrigue-Gilbert (du Tricentenaire / de Montigny)","latitude":45.65140583915357,"longitude":-73.50041270256041},{"name":"McCulloch / de la Côte Ste-Catherine","latitude":45.51577505385328,"longitude":-73.60060930252075},{"name":"Bordeaux / Marianne","latitude":45.53337530757402,"longitude":-73.57063829898834},{"name":"Grey / Sherbrooke","latitude":45.47651075689498,"longitude":-73.60647261142731},{"name":"St-Dominique / Laurier","latitude":45.52361490311454,"longitude":-73.59245739877223},{"name":"Rousselot / Jarry","latitude":45.55081979211847,"longitude":-73.62088680267334},{"name":"Turgeon / Notre-Dame","latitude":45.478888528072076,"longitude":-73.58198940753937},{"name":"University / Milton","latitude":45.5065386376248,"longitude":-73.5766088962555},{"name":"St-André / Ontario","latitude":45.51889,"longitude":-73.56353},{"name":"d'Outremont / Ogilvy","latitude":45.526870027508245,"longitude":-73.62676186490717},{"name":"1ère avenue / Jean-Talon","latitude":45.55490679722509,"longitude":-73.60114574432373},{"name":"d'Orléans / Masson","latitude":45.557192,"longitude":-73.569847},{"name":"Argyle / Bannantyne","latitude":45.453318765468914,"longitude":-73.5767751932144},{"name":"Marie-Anne / St-Hubert","latitude":45.5246829812827,"longitude":-73.5788968205452},{"name":"Galt / de Verdun","latitude":45.46215378258404,"longitude":-73.57102463596675},{"name":"Graham / Brookfield","latitude":45.52022241072457,"longitude":-73.62985610961914},{"name":"Bibliothèque de Verdun (Brown / Bannantyne)","latitude":45.44878841549165,"longitude":-73.57767310000781},{"name":"de Maisonneuve / Fullum","latitude":45.52797141659334,"longitude":-73.54948371648788},{"name":"Parc Joyce (Rockland / Lajoie)","latitude":45.515617,"longitude":-73.614991},{"name":"16e avenue / St-Joseph","latitude":45.55293611277267,"longitude":-73.56577143073082},{"name":"Wolfe / de la Gauchetière","latitude":45.51625372636654,"longitude":-73.55291748050148},{"name":"Bibliothèque et Complexe aquatique Rosemont (8e avenue / Rosemont)","latitude":45.551574858642525,"longitude":-73.58225226402283},{"name":"de Bastogne / de Sillery","latitude":45.5780126927863,"longitude":-73.7169326841831},{"name":"Dollard / Bernard","latitude":45.51678269880724,"longitude":-73.61142262816429},{"name":"Monsabré / Boileau","latitude":45.57175879648152,"longitude":-73.54176163673401},{"name":"Marché Maisonneuve (Ontario / Morgan)","latitude":45.55321884238814,"longitude":-73.53978216648102},{"name":"Parc des Rapides (LaSalle / 6e avenue)","latitude":45.42947143740888,"longitude":-73.59309915918857},{"name":"Place Rodolphe-Rousseau (Gohier / Édouard-Laurin)","latitude":45.5129938566323,"longitude":-73.68249848484993},{"name":"de St-Vallier / Rosemont","latitude":45.531921043052655,"longitude":-73.59804779291153},{"name":"Gilford / Papineau","latitude":45.5343936461316,"longitude":-73.57823699712753},{"name":"Parc Lacharité (Latour / Forget)","latitude":45.41773748108526,"longitude":-73.62338548639853},{"name":"Milton / Durocher","latitude":45.508140959417744,"longitude":-73.57492983341217},{"name":"Parc Maisonneuve (Viau / Sherbrooke)","latitude":45.56493679334249,"longitude":-73.5555911064148},{"name":"Bel Air / St-Antoine","latitude":45.4824297233159,"longitude":-73.58367975812143},{"name":"des Barges / des Bassins","latitude":45.488595284281196,"longitude":-73.5635170340538},{"name":"Greene / Workman","latitude":45.481069047931975,"longitude":-73.57935216285114},{"name":"McKenna / Édouard-Montpetit","latitude":45.50116436275711,"longitude":-73.62056359648705},{"name":"Clark / Prince-Arthur","latitude":45.513342512307055,"longitude":-73.57301607728004},{"name":"Hochelaga / de l'Assomption","latitude":45.566883091095185,"longitude":-73.53943817317486},{"name":"Elgar / de l'Île-des-Sœurs","latitude":45.45682318753668,"longitude":-73.546804189682},{"name":"Brébeuf / Curé-Poirier","latitude":45.52688330834135,"longitude":-73.48339325750203},{"name":"29e avenue / St-Zotique","latitude":45.56776565172907,"longitude":-73.57968807220459},{"name":"Métro Peel (de Maisonneuve / Stanley)","latitude":45.50038,"longitude":-73.57507},{"name":"Mountain Sights / Édouard-Montpetit","latitude":45.4872273014705,"longitude":-73.63343954086304},{"name":"Fabre / Laurier","latitude":45.53458691154375,"longitude":-73.58259929347696},{"name":"City Councillors / du President-Kennedy","latitude":45.50625103256782,"longitude":-73.57139065861702},{"name":"Metcalfe / de Maisonneuve","latitude":45.50177034353527,"longitude":-73.57427495998309},{"name":"Léa-Roback / Sir-Georges-Etienne-Cartier","latitude":45.471703687608354,"longitude":-73.58268946409225},{"name":"Fullum / Marie-Anne","latitude":45.53650541861215,"longitude":-73.56803923845291},{"name":"Péloquin / Fleury","latitude":45.5570628731705,"longitude":-73.65995585918427},{"name":"Mackay / Ste-Catherine","latitude":45.495774063803815,"longitude":-73.57687845826149},{"name":"Durocher / Sherbrooke","latitude":45.507088290505685,"longitude":-73.57227981090546},{"name":"Parc du Pélican (1ère Ave / Masson)","latitude":45.54518840394769,"longitude":-73.57644259929657},{"name":"Métro de Castelnau (de Castelnau / St-Laurent)","latitude":45.53552563367942,"longitude":-73.61981123685837},{"name":"Waverly / Henri-Bourassa","latitude":45.54834039786415,"longitude":-73.67261052131653},{"name":"Métro Atwater (Atwater / Ste-Catherine)","latitude":45.48948092966191,"longitude":-73.58455628156662},{"name":"Clark / Fleury","latitude":45.54758205939525,"longitude":-73.66522908210754},{"name":"Victoria / de Maisonneuve","latitude":45.47742856483265,"longitude":-73.60016942024231},{"name":"Graham / Kindersley","latitude":45.514080696641386,"longitude":-73.64694982767105},{"name":"Métro Côte-Ste-Catherine (Beaucourt / de la Côte-Ste-Catherine)","latitude":45.491513,"longitude":-73.633649},{"name":"de la Sorbonne / du Rousillon","latitude":45.58060341546917,"longitude":-73.68892639875412},{"name":"Collège de Rosemont (Beaubien / 15e avenue)","latitude":45.55774990838239,"longitude":-73.58380123972893},{"name":"Louis-Hebert / Jean-Talon","latitude":45.55289658319576,"longitude":-73.60239302095579},{"name":"du Mont-Royal / Clark","latitude":45.51941,"longitude":-73.58685},{"name":"Place Valois (Valois / Ontario)","latitude":45.54701750084233,"longitude":-73.543126247896},{"name":"Lebrun / Bédard","latitude":45.5470644513283,"longitude":-73.45196210302673},{"name":"Desaulniers / Marquette","latitude":45.524680035316116,"longitude":-73.51046747529834},{"name":"Roy / St-André","latitude":45.52161742271569,"longitude":-73.57037329677041},{"name":"Smith / Peel","latitude":45.49276061084002,"longitude":-73.55641052126883},{"name":"Lincoln / du Fort","latitude":45.49306511863136,"longitude":-73.58382672071457},{"name":"de la Porte de Québec / St-André","latitude":45.5132941,"longitude":-73.5505781},{"name":"Cégep Marie-Victorin","latitude":45.617499783128075,"longitude":-73.60601127147675},{"name":"Villeneuve / St-Dominique","latitude":45.522272664526696,"longitude":-73.58870131898584},{"name":"Place du Commerce","latitude":45.46714,"longitude":-73.54259},{"name":"McNamara / St-Martin O","latitude":45.57120355585774,"longitude":-73.72351884841918},{"name":"Tolhurst / Fleury","latitude":45.54407915308118,"longitude":-73.66735741496086},{"name":"Curé-Poirier / Joliette","latitude":45.520341697849844,"longitude":-73.48791999746027},{"name":"Quai Yvon-Julien (Marie-Victorin / de Montarville)","latitude":45.606718042243784,"longitude":-73.45692034810781},{"name":"Parc Gabriel-Sagard (Louis-Hémon / Jean-Talon)","latitude":45.551736388969815,"longitude":-73.60338270664215},{"name":"Boyer / Beaubien","latitude":45.537041,"longitude":-73.602026},{"name":"Édouard-Montpetit / Victoria","latitude":45.491172162374106,"longitude":-73.62996836556704},{"name":"Egan / Laurendeau","latitude":45.45290792768395,"longitude":-73.58918591405198},{"name":"Frontenac / Ste-Catherine","latitude":45.53006276144042,"longitude":-73.54559183120728},{"name":"Émile-Journault / de Châteaubriand","latitude":45.54971240353109,"longitude":-73.6406914051804},{"name":"Melville / de Maisonneuve","latitude":45.48184019359366,"longitude":-73.59537899494171},{"name":"Lincoln / St-Mathieu","latitude":45.49503704949293,"longitude":-73.58157634735107},{"name":"Liébert / Hochelaga","latitude":45.59587457490178,"longitude":-73.52352797985077},{"name":"Langelier / Marie-Victorin","latitude":45.61451982045293,"longitude":-73.6118745803833},{"name":"Dorion / Ontario","latitude":45.526991277453526,"longitude":-73.55821162462234},{"name":"Complexe sportif Claude-Robillard (Émile-Journault)","latitude":45.55358456339093,"longitude":-73.6383855342865},{"name":"Pratt / Bates","latitude":45.51694782364431,"longitude":-73.62631559371948},{"name":"de l'Hôtel-de-Ville / Sherbrooke","latitude":45.514524730294404,"longitude":-73.56835573911665},{"name":"Marquette / des Carrières","latitude":45.53859456744162,"longitude":-73.58865737915039},{"name":"Ryde / Charlevoix","latitude":45.4757434,"longitude":-73.5646007},{"name":"de Mentana / du Mont-Royal","latitude":45.52694544540877,"longitude":-73.58005285263062},{"name":"Parc Henri-Julien (Legendre / Henri-Julien)","latitude":45.546128338386644,"longitude":-73.64650368695946},{"name":"Aréna Chaumont (Chaumont / des Ormeaux)","latitude":45.610926628992026,"longitude":-73.54673445224762},{"name":"Jean-Rivard / du Cirque","latitude":45.56268743796862,"longitude":-73.61651211977005},{"name":"de Rouen / Lespérance","latitude":45.538859462962286,"longitude":-73.5528177022934},{"name":"de Bordeaux / St-Zotique","latitude":45.546534315701145,"longitude":-73.59866335988045},{"name":"Beaubien / 8e avenue","latitude":45.55331997202561,"longitude":-73.58763143420218},{"name":"Messier / du Mont-Royal","latitude":45.53711414,"longitude":-73.5710031},{"name":"Papineau / Émile-Journault","latitude":45.55991753389444,"longitude":-73.63352854128607},{"name":"Ste-Catherine / Bishop","latitude":45.49658063218649,"longitude":-73.5762146115303},{"name":"Parc Grovehill (St-Antoine / Ivan-Franko)","latitude":45.43982382100397,"longitude":-73.69487822055817},{"name":"Métro Cadillac (Cadillac / Sherbrooke)","latitude":45.57698149405437,"longitude":-73.54707982398394},{"name":"Parc de Beauséjour (Gouin / Henri-d'Arles)","latitude":45.526765,"longitude":-73.730423},{"name":"Stationnement incitatif de Mortagne (Ampère)","latitude":45.57251733677832,"longitude":-73.44312071800232},{"name":"Métro Lucien-L'Allier (Lucien l'Allier / Argyle)","latitude":45.49487159597493,"longitude":-73.57112377882004},{"name":"St-Alexandre / Ste-Catherine","latitude":45.50527354034462,"longitude":-73.5674786567688},{"name":"Grand Boulevard / de Terrebonne","latitude":45.470535000953966,"longitude":-73.63165721297264},{"name":"2e avenue / Centrale","latitude":45.43289463113104,"longitude":-73.59685689210892},{"name":"Gilford / des Érables","latitude":45.53728040418993,"longitude":-73.57534691691399},{"name":"Clanranald / de la Côte-St-Luc","latitude":45.47900836315578,"longitude":-73.62692713737488},{"name":"Duvernay / Charlevoix","latitude":45.482097305112845,"longitude":-73.57487753033638},{"name":"Hamel / Sauriol","latitude":45.56157008176612,"longitude":-73.65338176488876},{"name":"St-Patrick / Briand","latitude":45.46366064035559,"longitude":-73.59586715698242},{"name":"Terminus Ste-Julie (Armand-Frappier)","latitude":45.58231159807488,"longitude":-73.32433423960538},{"name":"Ste-Émilie / Sir-Georges-Etienne-Cartier","latitude":45.47302318351006,"longitude":-73.58503722109162},{"name":"Métro Bonaventure (de la Gauchetière / de la Cathédrale)","latitude":45.49831217703312,"longitude":-73.56725603342056},{"name":"Jean-Talon / de l'Épée","latitude":45.527941351769826,"longitude":-73.62388551235199},{"name":"Marie / de Mont-Royal","latitude":45.497292117993744,"longitude":-73.48374999130101},{"name":"Ste-Catherine / St-Mathieu","latitude":45.49384690142783,"longitude":-73.57917845249176},{"name":"Jeanne-Mance / Sherbrooke","latitude":45.50934693918775,"longitude":-73.57122302055359},{"name":"Métro de la Savane (Décarie / de Sorel)","latitude":45.500251758943925,"longitude":-73.66171056035454},{"name":"Parc du Mail (Bois de Coulonges / du Mail)","latitude":45.59833498124187,"longitude":-73.54596734046936},{"name":"Duke / Nazareth","latitude":45.49572236030835,"longitude":-73.55461344122887},{"name":"Préfontaine / Marcel-Pépin","latitude":45.54365380040509,"longitude":-73.55942063033581},{"name":"Holt / Fullum","latitude":45.543937325185645,"longitude":-73.58444631099701},{"name":"Métro Honoré-Beaugrand (Sherbrooke / Honoré-Beaugrand)","latitude":45.59685627935051,"longitude":-73.53526366878214},{"name":"Square Nelligan (des Appalaches / Alexis-Nihon)","latitude":45.51431824920811,"longitude":-73.70799824595451},{"name":"de Mortagne / de Montarville","latitude":45.59147977279279,"longitude":-73.43605846166611},{"name":"Parc Chopin (Dumouchel / Tessier)","latitude":45.570726609302966,"longitude":-73.7370860205192},{"name":"Monk / de Biencourt","latitude":45.458663192410306,"longitude":-73.59602272510529},{"name":"Chomedey / de Maisonneuve","latitude":45.491750449903954,"longitude":-73.58394473791122},{"name":"Place Charles-Le Moyne (St-Charles)","latitude":45.52504512475178,"longitude":-73.51951967460082},{"name":"Parc Marlborough (Beauzèle / Robichaud)","latitude":45.52234149817879,"longitude":-73.72167885303497},{"name":"Parc Sauvé (Balzac / de Bayonne)","latitude":45.598880374710674,"longitude":-73.63657951360437},{"name":"3e avenue / Wellington","latitude":45.457304311219616,"longitude":-73.56723271765077},{"name":"Kent / Hudson","latitude":45.5058412398175,"longitude":-73.62931698560715},{"name":"Henri-Julien / de Castelnau","latitude":45.53789110878484,"longitude":-73.6182153224945},{"name":"St-Grégoire / Christophe-Colomb","latitude":45.53255611409675,"longitude":-73.58993947505951},{"name":"Bassin olympique (Chemin du Chenal le Moyne)","latitude":45.5169025120042,"longitude":-73.52724552154541},{"name":"Métro Mont-Royal (Utilités publiques / Rivard)","latitude":45.52423612093815,"longitude":-73.58155220746994},{"name":"Ste-Catherine / Union","latitude":45.50370387789841,"longitude":-73.56941521167755},{"name":"Hôpital Maisonneuve-Rosemont (Rosemont / Chatelain)","latitude":45.575707,"longitude":-73.561562},{"name":"Jeanne-Mance / Laurier","latitude":45.52027633320609,"longitude":-73.59497621666378},{"name":"Métro de la Concorde (Léo-Lacombe)","latitude":45.5604898518365,"longitude":-73.7091851234436},{"name":"de Courcelles / Acorn","latitude":45.47400860229191,"longitude":-73.59178466722369},{"name":"Gagne / LaSalle","latitude":45.422451407155854,"longitude":-73.601194024086},{"name":"Métro du Collège (Cartier / Décarie)","latitude":45.50843904979172,"longitude":-73.6729645729065},{"name":"Bibliothèque du Vieux-St-Laurent (de l'Église / Filiatrault)","latitude":45.512843286755896,"longitude":-73.67612421512604},{"name":"des Prairies / du Pacifique","latitude":45.549420832009176,"longitude":-73.70114654302597},{"name":"de la Cathédrale / René-Lévesque","latitude":45.499161694813886,"longitude":-73.56931967664423},{"name":"Rachel / de Brébeuf","latitude":45.526911494644025,"longitude":-73.5727014299664},{"name":"8e avenue / Notre-Dame Lachine","latitude":45.43498715540587,"longitude":-73.67079868912697},{"name":"N.-P. Lapierre / Armand-Frappier","latitude":45.57978196712583,"longitude":-73.34458894098134},{"name":"Sherbrooke / Frontenac","latitude":45.53673221553339,"longitude":-73.560796189131},{"name":"Parc Chenier (de l'Aréna / Chenier)","latitude":45.60248649638568,"longitude":-73.5432904958725},{"name":"des Écores / de Bellechasse","latitude":45.54607879439562,"longitude":-73.58988046646118},{"name":"Parc Atwater (Saint-Charles)","latitude":45.477300883436854,"longitude":-73.57314472410508},{"name":"de Maisonneuve / Aylmer (est)","latitude":45.50538591756765,"longitude":-73.5704317688942},{"name":"Lajeunesse / Villeray","latitude":45.54218173507584,"longitude":-73.62268656492233},{"name":"Boyer / St-Zotique","latitude":45.53866220045916,"longitude":-73.60580742359161},{"name":"Parc Maurice-Bélanger (Hébert / Denommée)","latitude":45.5877138098252,"longitude":-73.63171823322773},{"name":"Peel / Notre-Dame","latitude":45.49544692088696,"longitude":-73.56329441070557},{"name":"des Récollets / Fleury","latitude":45.585388428776476,"longitude":-73.6347109079361},{"name":"Ateliers municipaux de St-Laurent (Cavendish / Poirier)","latitude":45.506175841460966,"longitude":-73.71118605136871},{"name":"Henri-Julien / Laurier","latitude":45.52574657625029,"longitude":-73.59033644199371},{"name":"de la Roche / Bélanger","latitude":45.54159135681213,"longitude":-73.60757953489156},{"name":"Vallières / St-Laurent","latitude":45.518967223320054,"longitude":-73.5836161673069},{"name":"1ère avenue / St-Zotique","latitude":45.551916701344936,"longitude":-73.59366238117218},{"name":"Métro Charlevoix (Centre / Charlevoix)","latitude":45.47840089832752,"longitude":-73.56956273317337},{"name":"Queen / Wellington","latitude":45.49758512503955,"longitude":-73.55522733181714},{"name":"Marie-Anne / Papineau","latitude":45.53176697148175,"longitude":-73.5724139213562},{"name":"Augustin-Cantin / Shearer","latitude":45.48390169543355,"longitude":-73.56363236904144},{"name":"Parc Beaubien Outremont (Stuart / St-Viateur)","latitude":45.515969694922276,"longitude":-73.60827505588531},{"name":"de Maisonneuve / de Bleury","latitude":45.50710068509571,"longitude":-73.56907725334167},{"name":"Legendre / André-Grasset","latitude":45.5585431972121,"longitude":-73.63820562786714},{"name":"de la Commune / King","latitude":45.49750375338383,"longitude":-73.55284452438353},{"name":"BAnQ (Berri)","latitude":45.51601387670667,"longitude":-73.56291957199574},{"name":"de la Gauchetière / St-Alexandre","latitude":45.50295893873599,"longitude":-73.56374170638446},{"name":"Irwin / Allard","latitude":45.44890342900198,"longitude":-73.6049048602581},{"name":"Métro Beaubien (de St-Vallier / Beaubien)","latitude":45.53478444274838,"longitude":-73.60463261604308},{"name":"Bercy / Rachel","latitude":45.53840340979245,"longitude":-73.56196403503418},{"name":"de la Peltrie / de la Côte-des-Neiges","latitude":45.49974663042742,"longitude":-73.63019943237305},{"name":"Waverly / St-Viateur","latitude":45.5238561444472,"longitude":-73.60012650489807},{"name":"St-Sylvestre / St-Charles","latitude":45.53638517746843,"longitude":-73.51247191429138},{"name":"St-Jean / Guillaume","latitude":45.53524851020352,"longitude":-73.5068191587925},{"name":"Gare Lachine (Sir George Simpson / 48e avenue)","latitude":45.447821314280105,"longitude":-73.71091783046722},{"name":"8e Avenue / 15e rue","latitude":45.5655972,"longitude":-73.6974907},{"name":"Bélanger / des Galeries d'Anjou","latitude":45.59722114932571,"longitude":-73.56279015541077},{"name":"Métro Verdun (Willibrord / de Verdun)","latitude":45.45944369868444,"longitude":-73.57247931886377},{"name":"René-Philippe / André-Charpentier","latitude":45.496967676737675,"longitude":-73.49533898759546},{"name":"de la Vérendrye / 75e avenue","latitude":45.42070552680549,"longitude":-73.62966051438889},{"name":"Roy / St-Denis","latitude":45.51908,"longitude":-73.5727},{"name":"Ste-Croix / Tassé","latitude":45.51953948301331,"longitude":-73.68516325950623},{"name":"Hutchison / Beaubien","latitude":45.52605851018324,"longitude":-73.61296892166138},{"name":"Bourbonnière / du Mont-Royal","latitude":45.55358456339093,"longitude":-73.56052905321121},{"name":"Métro Parc  (Hutchison / Ogilvy)","latitude":45.53035130173597,"longitude":-73.6243924498558},{"name":"St-Patrick / Thomas-Keefer","latitude":45.47801152713375,"longitude":-73.57427294832632},{"name":"Parc MacDonald (Clanranald / Isabella)","latitude":45.48274245886277,"longitude":-73.63497912883759},{"name":"Hutchison / Van Horne","latitude":45.52497612960628,"longitude":-73.61066222190857},{"name":"St-Dominique / Rachel","latitude":45.51861160491394,"longitude":-73.58156056457119},{"name":"Jean-d’Estrées / Notre-Dame","latitude":45.494390273885884,"longitude":-73.56391131877899},{"name":"Darling / Sherbrooke","latitude":45.54545514686953,"longitude":-73.55673909187317},{"name":"Laurier / de Bordeaux","latitude":45.53725128371284,"longitude":-73.57918381690979},{"name":"6e Avenue / Bélanger","latitude":45.554582815249745,"longitude":-73.59631910920143},{"name":"du Tricentenaire / Prince-Albert","latitude":45.64954588445726,"longitude":-73.49191546440125},{"name":"Terminus Le Carrefour (Terry-Fox / Le Carrefour)","latitude":45.56842034638607,"longitude":-73.74687284231186},{"name":"Notre-Dame / Gauvin","latitude":45.49997974915214,"longitude":-73.56027960777283},{"name":"Métro Jean-Talon (Berri / Jean-Talon)","latitude":45.53900036432657,"longitude":-73.6142510175705},{"name":"de Soissons / de Darlington","latitude":45.50689914049937,"longitude":-73.623526096344},{"name":"Jeanne-d'Arc / Ontario","latitude":45.54959767887176,"longitude":-73.54187428951263},{"name":"St-Jacques / St-Laurent","latitude":45.50644464920572,"longitude":-73.55648696422577},{"name":"Gilford / St-Denis","latitude":45.52497612960628,"longitude":-73.58558893203735},{"name":"de Gaspé / Jarry","latitude":45.540780049797995,"longitude":-73.63040059804916},{"name":"Gare du Ruisseau (Dutrisac / Henri-Bourassa)","latitude":45.52814371649508,"longitude":-73.69254536926746},{"name":"Métro Villa-Maria (de Monkland / Décarie)","latitude":45.4790046017838,"longitude":-73.61956179141998},{"name":"Van Horne / Dollard","latitude":45.519289531219506,"longitude":-73.61618220806122},{"name":"St-Joseph / 8e avenue Lachine","latitude":45.431518914135125,"longitude":-73.67110446095467},{"name":"Parc de la Confédération (Fielding / West Hill)","latitude":45.471881993586074,"longitude":-73.64002168178558},{"name":"de Marseille / de la Pépinière","latitude":45.576651576813596,"longitude":-73.54069948196411},{"name":"Métro Acadie (de l'Acadie / Beaumont)","latitude":45.52357479400008,"longitude":-73.62344294786453},{"name":"6e avenue / Wellington","latitude":45.45542715196195,"longitude":-73.56789708137512},{"name":"Parc St-Gabriel (Grand Trunk / Ropery)","latitude":45.478545712518894,"longitude":-73.56572315096855},{"name":"St-Laurent / de Chambly","latitude":45.5398841503055,"longitude":-73.504639035109},{"name":"9e avenue / Masson","latitude":45.54948994879926,"longitude":-73.57327222824097},{"name":"Parc Lalancette (de Rouen / Valois)","latitude":45.54814504700217,"longitude":-73.5471260547638},{"name":"Prince-Arthur / Ste-Famille","latitude":45.511670167106246,"longitude":-73.57463479042053},{"name":"Dudemaine / James-Morrice","latitude":45.534717640125805,"longitude":-73.69273205651552},{"name":"Victoria / 39e avenue","latitude":45.44001578400139,"longitude":-73.70019972324371},{"name":"Parc Garibaldi (Liénart / Bélanger)","latitude":45.586476480180046,"longitude":-73.570396900177},{"name":"Collège Ahuntsic (St-Hubert / Émile-Journault)","latitude":45.55118940267553,"longitude":-73.64060204476118},{"name":"Parc Jeanne-Mance (du Mont-Royal / du Parc)","latitude":45.5169290827898,"longitude":-73.58911652441746},{"name":"7e avenue / Masson","latitude":45.54863154452348,"longitude":-73.57469648122787},{"name":"du Rosaire / St-Hubert","latitude":45.54481928225348,"longitude":-73.6215104162693},{"name":"Ste-Catherine / Sanguinet","latitude":45.512936177874096,"longitude":-73.56124520301817},{"name":"Clark / de Liège","latitude":45.539988024015756,"longitude":-73.63811277307832},{"name":"Terminus Newman (Airlie / Lafleur)","latitude":45.425059666150744,"longitude":-73.64959917962551},{"name":"de Gentilly / St-Jean","latitude":45.532497613819366,"longitude":-73.49942399192514},{"name":"Bloomfield / Van Horne","latitude":45.522745298216094,"longitude":-73.61328139901161},{"name":"Parc Henri-Dunant (Léger / Henri-Dunant)","latitude":45.56843961893042,"longitude":-73.6752020941276},{"name":"Montcalm / Ontario","latitude":45.52110494530867,"longitude":-73.56229394674301},{"name":"Parc Ludger-Duvernay (St-André / St-Hubert)","latitude":45.53147464147482,"longitude":-73.59242051839828},{"name":"Parc du Bois-Franc (de l'Équateur / des Andes)","latitude":45.51317758246596,"longitude":-73.71306091547012},{"name":"Michelet / Jean-Talon","latitude":45.57627820285533,"longitude":-73.58353972434998},{"name":"Émery / St-Denis","latitude":45.51483155785108,"longitude":-73.56349289417267},{"name":"Parc Père-Marquette (Chambord / Rosemont)","latitude":45.537087833013324,"longitude":-73.59321847558022},{"name":"7e avenue / St-Joseph Rosemont","latitude":45.54710817336986,"longitude":-73.56936693191528},{"name":"Drummond / Ste-Catherine","latitude":45.49861674293281,"longitude":-73.5741600394249},{"name":"90e Avenue / Boulevard Lévesque O","latitude":45.53121456506295,"longitude":-73.74735295772552},{"name":"Dunkirk / Laird","latitude":45.51588782124145,"longitude":-73.6423122882843},{"name":"Campus MIL (Thérèse-Lavoie Roux / Outremont)","latitude":45.52299546956007,"longitude":-73.61822873353958},{"name":"de Bordeaux / Masson","latitude":45.539037937964046,"longitude":-73.58252048492432},{"name":"Fabre / Jean-Talon","latitude":45.546634811657086,"longitude":-73.60776543617249},{"name":"Léonard-de-Vinci / Villeray","latitude":45.56581967268723,"longitude":-73.5998260974884},{"name":"Laurier / de Brébeuf","latitude":45.532449016819825,"longitude":-73.5847695171833},{"name":"Marcil / Sherbrooke","latitude":45.471743,"longitude":-73.613924},{"name":"Parc Chamberland (Dorais / de l'Église)","latitude":45.502989,"longitude":-73.689113},{"name":"Waverly / Bernard","latitude":45.52562443297396,"longitude":-73.60413372516632},{"name":"Natatorium (LaSalle / Rolland)","latitude":45.4443505862464,"longitude":-73.57542979723802},{"name":"Guy / Sainte-Catherine","latitude":45.49497512853125,"longitude":-73.57777043248461},{"name":"Jeanne-Mance / René-Lévesque","latitude":45.5063713381299,"longitude":-73.5642009973526},{"name":"de Chenonceau / Chomedey","latitude":45.56157,"longitude":-73.75448},{"name":"Parc Villeray (Christophe-Colomb / Jarry)","latitude":45.548513207676116,"longitude":-73.62365484237671},{"name":"de Champlain / Ste-Catherine","latitude":45.52171703048863,"longitude":-73.55293308672117},{"name":"de Maisonneuve / Greene","latitude":45.48697062,"longitude":-73.58929306},{"name":"Calixa-Lavallée / Rachel","latitude":45.52778299244644,"longitude":-73.57167445577942},{"name":"Parc Delorme (Malouin / Laferté)","latitude":45.5904902,"longitude":-73.5902694},{"name":"Travaux publics LaSalle (Cordner / Léger)","latitude":45.44527192876118,"longitude":-73.62448364496231},{"name":"Duchesneau / de Marseille","latitude":45.60962627826218,"longitude":-73.52273898082785},{"name":"Dandurand / D'Iberville","latitude":45.5443716426341,"longitude":-73.5809513926506},{"name":"Parc Summerlea (53e avenue / St-Joseph)","latitude":45.43836713933041,"longitude":-73.71546685695648},{"name":"Parc de Dieppe (Pierre-Dupuy)","latitude":45.501863463435576,"longitude":-73.5439610481262},{"name":"Patricia / Sherbrooke","latitude":45.45523900436301,"longitude":-73.6417007446289},{"name":"St-Hubert / Duluth","latitude":45.522425652788634,"longitude":-73.57418417930603},{"name":"Milton / St-Laurent","latitude":45.512916325090295,"longitude":-73.57055649161339},{"name":"Louisbourg / O'Brien","latitude":45.53039449604383,"longitude":-73.70393217686795},{"name":"McGill / Place d'Youville","latitude":45.500014581102505,"longitude":-73.55625258141116},{"name":"des Érables / Beaubien","latitude":45.54614641841041,"longitude":-73.59369993209839},{"name":"du Parc / François-Foucault","latitude":45.605939260812214,"longitude":-73.66295456886292},{"name":"Métro Angrignon (Lamont / des Trinitaires)","latitude":45.44650450192042,"longitude":-73.6025619506836},{"name":"Complexe Desjardins (St-Urbain / René-Lévesque)","latitude":45.50788520688478,"longitude":-73.56315059590997},{"name":"Labonté / du Coteau-Rouge","latitude":45.526787093145025,"longitude":-73.49153663970355},{"name":"Georges-Baril / Sauriol","latitude":45.55751830545935,"longitude":-73.65585073828697},{"name":"Richardson / Montmorency","latitude":45.484966061164755,"longitude":-73.56032252311707},{"name":"de Gaspé / de Liège","latitude":45.54248521237199,"longitude":-73.63634169101715},{"name":"Plessis / Ontario","latitude":45.523593057451045,"longitude":-73.56109768152237},{"name":"Drolet / St-Zotique","latitude":45.53488214147823,"longitude":-73.60941231250763},{"name":"Durocher / Beaumont","latitude":45.52799772330074,"longitude":-73.61919969320297},{"name":"Chapleau / du Mont-Royal","latitude":45.53867,"longitude":-73.56936},{"name":"Guizot / St-Laurent","latitude":45.53968044327973,"longitude":-73.63450437784195},{"name":"Drolet / Marie-Anne","latitude":45.522402573414084,"longitude":-73.58117669820786},{"name":"Ste-Catherine / St-Clément","latitude":45.55671730558936,"longitude":-73.53024959564209},{"name":"Boyer / Everett","latitude":45.54310243053054,"longitude":-73.61607524188003},{"name":"Rielle / Wellington","latitude":45.460153213707464,"longitude":-73.56707096099854},{"name":"de Mentana / Marie-Anne","latitude":45.526026565221414,"longitude":-73.57785880565643},{"name":"Métro Viau (Pierre-de-Coubertin / Viau)","latitude":45.56228814999496,"longitude":-73.54622590548388},{"name":"Parc des Vétérans (des Vétérans / Broadway)","latitude":45.63147192165401,"longitude":-73.50819479674101},{"name":"Parc Beaulac (Élizabeth)","latitude":45.5200557245067,"longitude":-73.67795147001743},{"name":"de Lanaudière / du Mont-Royal","latitude":45.53008802331729,"longitude":-73.57688208474428},{"name":"Place des Festivals (du Président-Kennedy / de Bleury)","latitude":45.50764392965887,"longitude":-73.56932401657104},{"name":"St-André / Rachel","latitude":45.52409561323593,"longitude":-73.57537156904073},{"name":"Paré / Mountain Sights","latitude":45.49808281150267,"longitude":-73.6530089378357},{"name":"Métro Pie-IX (Pierre-de-Coubertin / Desjardins)","latitude":45.554373399819674,"longitude":-73.55137467384337},{"name":"Parc de l'Hôtel-de-Ville (Ste-Julie / Laurendeau)","latitude":45.630686043767284,"longitude":-73.4948467835784},{"name":"Faillon / St-Denis","latitude":45.539890852781404,"longitude":-73.62026989459991},{"name":"Parc Kirkland (des Érables / Boyer)","latitude":45.44606092178209,"longitude":-73.65079946815968},{"name":"Parc Jeanne-Mance (monument sir George-Étienne-Cartier)","latitude":45.51487490356938,"longitude":-73.58486406505108},{"name":"d'Aragon / Springland","latitude":45.4533311522553,"longitude":-73.59767496585846},{"name":"Parc Hébert (Colbert / Provencher)","latitude":45.57237805962001,"longitude":-73.59370462596415},{"name":"St-Dominique / de Bellechasse","latitude":45.52952466565309,"longitude":-73.60488876700401},{"name":"Lahaie / Meunier","latitude":45.568223569025186,"longitude":-73.68590623140335},{"name":"Métro Georges-Vanier (Terrasse Coursol / Canning)","latitude":45.48882629021402,"longitude":-73.57531207291686},{"name":"Poupart / Logan","latitude":45.52997432204594,"longitude":-73.54900679552884},{"name":"Redfern / Ste-Catherine","latitude":45.48324938538366,"longitude":-73.59100565314293},{"name":"St-Hubert / de Maisonneuve (nord)","latitude":45.51613214980722,"longitude":-73.56049686670303},{"name":"Collège Bois-de-Boulogne (Bois-de-Boulogne)","latitude":45.53690740947054,"longitude":-73.67478135508463},{"name":"Parc Courbertin (Valéry / Perrier)","latitude":45.5839877335556,"longitude":-73.60809333622456},{"name":"Parc Hilda-Ramacière (de Bullion / Prince-Arthur)","latitude":45.51562131982338,"longitude":-73.57212960720062},{"name":"Dubois / Eadie","latitude":45.45760820718457,"longitude":-73.59051011502743},{"name":"Marquette / du Coteau-Rouge","latitude":45.52022330145822,"longitude":-73.49676324058237},{"name":"Ontario / Sicard","latitude":45.55626186680846,"longitude":-73.53744059801102},{"name":"St-Jacques / Richmond","latitude":45.4906636488045,"longitude":-73.57080727815628},{"name":"Boyer / Jean-Talon","latitude":45.54176195978538,"longitude":-73.61293137073515},{"name":"Garnier / du Mont-Royal","latitude":45.53075597398246,"longitude":-73.5761762317452},{"name":"Métro Préfontaine (Moreau / Hochelaga)","latitude":45.541313503285316,"longitude":-73.5537427291274},{"name":"Melrose / de Verdun","latitude":45.45381979371188,"longitude":-73.57238446649716},{"name":"Théâtre du Vieux-Terrebonne (St-Pierre / des Braves)","latitude":45.69223305604548,"longitude":-73.63703128697125},{"name":"St-André / Ste-Catherine","latitude":45.516297540849614,"longitude":-73.55801045894623},{"name":"St-Antoine / Jean-Paul Riopelle","latitude":45.50304782909863,"longitude":-73.56058964667682},{"name":"Jean-Paul-Vincent / Adoncour","latitude":45.5646764291021,"longitude":-73.47957750896057},{"name":"Métro Vendôme (de Marlowe / de Maisonneuve)","latitude":45.47393028235147,"longitude":-73.60473453998564},{"name":"Métro Lasalle (de Rushbrooke / Caisse)","latitude":45.47039991066639,"longitude":-73.56551858292733},{"name":"Stinson / Montpellier","latitude":45.519485452174514,"longitude":-73.66647094488144},{"name":"LaSalle / Crawford","latitude":45.43791516514076,"longitude":-73.58253550531117},{"name":"des Ormeaux / de Grosbois","latitude":45.605901731906485,"longitude":-73.53436946868896},{"name":"CHSLD St-Michel (8e avenue / Jarry)","latitude":45.5616903,"longitude":-73.610512},{"name":"Eadie / Galt","latitude":45.46299810854156,"longitude":-73.59011898464814},{"name":"Lanouette / de l'Église","latitude":45.46337393327436,"longitude":-73.57683420181274},{"name":"Parc St-Henri (Laporte / Guay)","latitude":45.4801160762769,"longitude":-73.58560770750046},{"name":"Davaar / de la Côte-Ste-Catherine","latitude":45.514379,"longitude":-73.610871},{"name":"de l'Esplanade / Rachel","latitude":45.51631633525551,"longitude":-73.58359336853027},{"name":"de l'Esplanade  / Fairmount","latitude":45.521484558655224,"longitude":-73.59684884548187},{"name":"Berlioz / de l'Île des Soeurs","latitude":45.45998577640931,"longitude":-73.54395568370819},{"name":"Métro Université de Montréal (Édouard-Montpetit / Louis-Collin)","latitude":45.50363996257211,"longitude":-73.6182689666748},{"name":"Thomas-Chaplais / Notre-Dame","latitude":45.54207756205827,"longitude":-73.74571412801743},{"name":"de Monkland / Girouard","latitude":45.47710675189806,"longitude":-73.6214379966259},{"name":"Daniel-Johnson / Cartier O","latitude":45.54334371050831,"longitude":-73.72530519962311},{"name":"Berri / Rachel","latitude":45.52275023118295,"longitude":-73.57724860310555},{"name":"8e avenue / Dandurand","latitude":45.550113551561694,"longitude":-73.5772217810154},{"name":"Métro Plamondon (de Kent / Victoria)","latitude":45.494686752797904,"longitude":-73.63871866467889},{"name":"de l'Hôtel-de-Ville / Rachel","latitude":45.51989655507833,"longitude":-73.58010649681091},{"name":"Marquette / du Mont-Royal","latitude":45.53221791147474,"longitude":-73.57543140649796},{"name":"Beatty / de Verdun","latitude":45.450729976972944,"longitude":-73.5725748538971},{"name":"Masson / Molson","latitude":45.54434593245247,"longitude":-73.57697686180472},{"name":"de St-Vallier / St-Zotique","latitude":45.536434338630336,"longitude":-73.60783427975548},{"name":"Métro Snowdon (Circle / Queen-Mary)","latitude":45.48514885008702,"longitude":-73.6275440454483},{"name":"de Gaspé / Marmier","latitude":45.529668174024685,"longitude":-73.60166944563389},{"name":"LaSalle / Godin","latitude":45.44693448484644,"longitude":-73.57219934463501},{"name":"Joseph-Manseau / René-Levesque","latitude":45.491686521008035,"longitude":-73.57682347297668},{"name":"Pierre-de-Coubertin / Langelier","latitude":45.580314546424674,"longitude":-73.5353136062622},{"name":"Parc Aimé-Léonard (Gouin / Ste-Gertrude)","latitude":45.60835820969716,"longitude":-73.63850623369217},{"name":"Cathcart / McGill College","latitude":45.501187681489775,"longitude":-73.57045487814501},{"name":"Parc Pratt (Dunlop / Van Horne)","latitude":45.514918954061876,"longitude":-73.61968517303467},{"name":"Villeray / De Normanville","latitude":45.54716675630067,"longitude":-73.6184438467353},{"name":"Letourneux / Ste-Catherine","latitude":45.55078357889704,"longitude":-73.53409996037954},{"name":"Fortune / Wellington","latitude":45.477923,"longitude":-73.559038},{"name":"Gilford / de Brébeuf","latitude":45.530870247773066,"longitude":-73.58155757188797},{"name":"Plymouth / Chem.Eden","latitude":45.506488823782234,"longitude":-73.66047888994217},{"name":"Jeanne-Mance / Beaubien","latitude":45.527650097960205,"longitude":-73.61229971051216},{"name":"Chabanel / Tolhurst","latitude":45.5399269287734,"longitude":-73.65388602018356},{"name":"des Récollets / Martial","latitude":45.590916779468024,"longitude":-73.64067547023296},{"name":"Workman / Vinet","latitude":45.483788863965174,"longitude":-73.5750612616539},{"name":"Parc Van Horne (de la Peltrie / de Westbury)","latitude":45.490494421832885,"longitude":-73.63852232694626},{"name":"du Séminaire / de la Montagne","latitude":45.49210581803197,"longitude":-73.56246560811996},{"name":"Parc Stoney-Point (St-Joseph / 47e avenue)","latitude":45.43656827071224,"longitude":-73.70836973190308},{"name":"St-Denis / Ste-Catherine","latitude":45.51372291221464,"longitude":-73.5603104531765},{"name":"Guizot / St-Denis","latitude":45.543423548290185,"longitude":-73.63246187567711},{"name":"Parc Georges St-Pierre (Oxford / Upper Lachine)","latitude":45.46887995929811,"longitude":-73.60943913459778},{"name":"des Jockeys / Décarie","latitude":45.49404432109336,"longitude":-73.65449488162994},{"name":"15e avenue / Laurier","latitude":45.55331992800521,"longitude":-73.56932803988457},{"name":"Lapierre / Serge","latitude":45.43854405099729,"longitude":-73.62021625041962},{"name":"Mayfield / St-Martin O","latitude":45.553017541248565,"longitude":-73.75822663307189},{"name":"de Brébeuf / du Mont-Royal","latitude":45.52922355524467,"longitude":-73.57784914976946},{"name":"Wilson / Sherbrooke","latitude":45.4703791154553,"longitude":-73.61663818359374},{"name":"Grenet / Poirier","latitude":45.51871924623225,"longitude":-73.69875401258469},{"name":"du Parc-La Fontaine / Duluth","latitude":45.52451761488783,"longitude":-73.57197672128677},{"name":"Ropery / Augustin-Cantin","latitude":45.48097552629275,"longitude":-73.56863468885422},{"name":"Parc Labelle (LaSalle / Henri-Duhamel)","latitude":45.47256100297732,"longitude":-73.56998920440674},{"name":"Chambord / Beaubien","latitude":45.539900246044354,"longitude":-73.59936207532883},{"name":"de la Commune / St-Sulpice","latitude":45.50424245563397,"longitude":-73.553469479084},{"name":"Parc D.-E.-Joyal (Édouard / Windsor)","latitude":45.50073113467841,"longitude":-73.47395724618764},{"name":"Parc Ottawa (de Belleville / Fleury)","latitude":45.58116,"longitude":-73.6412434},{"name":"Maguire / Henri-Julien","latitude":45.527041096087785,"longitude":-73.59347056655677},{"name":"Chabot / Beaubien","latitude":45.54442573762501,"longitude":-73.59578132629395},{"name":"41e avenue / Rosemont","latitude":45.57178977666956,"longitude":-73.56431499123573},{"name":"St-Hubert / René-Levesque","latitude":45.514481971650625,"longitude":-73.5568732023239},{"name":"St-Rémi / Ste-Émilie","latitude":45.46976497412213,"longitude":-73.58923405408859},{"name":"Métro Édouard-Montpetit (du Mont-Royal / Vincent-d'Indy)","latitude":45.5102725432849,"longitude":-73.61140972936482},{"name":"Cartier / Bélanger","latitude":45.546779039476185,"longitude":-73.60281676054001},{"name":"St-Germain / Hochelaga","latitude":45.543652466151,"longitude":-73.5534825682771},{"name":"de la Montagne / Sherbrooke","latitude":45.49971843051624,"longitude":-73.57890754938126},{"name":"Drolet / Jarry","latitude":45.54195463236575,"longitude":-73.62994194030762},{"name":"Laval / du Mont-Royal","latitude":45.5223645775784,"longitude":-73.58414590358734},{"name":"Casgrain / Maguire","latitude":45.52621764749851,"longitude":-73.5957657695144},{"name":"Lionel-Groulx / Georges-Vanier","latitude":45.48632828127419,"longitude":-73.57357263565062},{"name":"Waverly / Beaumont","latitude":45.53118825986005,"longitude":-73.61607760190964},{"name":"Quai de la navette fluviale","latitude":45.51366626207095,"longitude":-73.53842496871948},{"name":"HEC (Decelles / Jean-Brillant)","latitude":45.497722829899764,"longitude":-73.61925333738327},{"name":"Parc du Pélican (2e avenue / St-Joseph)","latitude":45.544580831168204,"longitude":-73.5717111825943},{"name":"Métro Jolicoeur (de Sève / Drake)","latitude":45.45608545783109,"longitude":-73.58193710446358},{"name":"LaSalle / 90e avenue","latitude":45.41774583815495,"longitude":-73.64518761634827},{"name":"Guy / Barré","latitude":45.4897009285845,"longitude":-73.56628775596619},{"name":"de Monaco / du Souvenir","latitude":45.569501890755866,"longitude":-73.7059235572815},{"name":"U. Concordia - Campus Loyola (Sherbrooke / West Broadway)","latitude":45.45750908083069,"longitude":-73.6394852399826},{"name":"des Érables / Dandurand","latitude":45.54136064451518,"longitude":-73.58398067957751},{"name":"Terminus de bus EXO (Côte de Terrebonne)","latitude":45.697815037503666,"longitude":-73.65406465532033},{"name":"Nicolet / Sherbrooke","latitude":45.54969542033443,"longitude":-73.55464696884155},{"name":"Bernard / Jeanne-Mance","latitude":45.52428310031213,"longitude":-73.6049484461546},{"name":"Parthenais / du Mont-Royal","latitude":45.53640396516409,"longitude":-73.57141345739365},{"name":"St-Nicolas / Place d'Youville","latitude":45.501966859101564,"longitude":-73.55515256524086},{"name":"Panet / Ste-Catherine","latitude":45.52002998668944,"longitude":-73.55491518974304},{"name":"1ère avenue / Rosemont","latitude":45.54779995287998,"longitude":-73.58486741781235},{"name":"St-Dominique / St-Viateur Nord","latitude":45.526967994427125,"longitude":-73.59916895627975},{"name":"Clark / Rachel","latitude":45.517537449207474,"longitude":-73.58241524554614},{"name":"Bourgeoys / Favard","latitude":45.47993042065731,"longitude":-73.55592101812363},{"name":"de la Côte St-Paul / St-Ambroise","latitude":45.467665653865964,"longitude":-73.59391784324544},{"name":"Stanley / Sherbrooke","latitude":45.50105732321463,"longitude":-73.57722634080346},{"name":"Cégep Édouard-Montpetit (de Normandie)","latitude":45.53724605357659,"longitude":-73.49498215598032},{"name":"Aylmer / Ste-Catherine","latitude":45.50434678685089,"longitude":-73.56894850730896},{"name":"Jacques-Casault / Christophe-Colomb","latitude":45.551961779348346,"longitude":-73.6303174495697},{"name":"Le Royer / St-Laurent","latitude":45.50597445022123,"longitude":-73.55429930616083},{"name":"du Fer-à-Cheval / des Hauts-Bois","latitude":45.57231912648751,"longitude":-73.32789487207265},{"name":"Omer-Lavallée / du Midway","latitude":45.5457759528664,"longitude":-73.56217458844185},{"name":"27e avenue / Rosemont","latitude":45.563709940264175,"longitude":-73.57139468193054},{"name":"Fullum / Terrasse Mercure","latitude":45.535541603465234,"longitude":-73.56593906879425},{"name":"de Léry / Sherbrooke","latitude":45.54099971663243,"longitude":-73.55826258659361},{"name":"Messier / St-Joseph","latitude":45.53946063965585,"longitude":-73.57605636119843},{"name":"de Laprairie / Centre","latitude":45.48059248038378,"longitude":-73.56577813625336},{"name":"Bourbonnière / Hochelaga","latitude":45.54987688385806,"longitude":-73.54922890663147},{"name":"Parc St-Patrick (St-Patrick / St-Columban)","latitude":45.48870785150952,"longitude":-73.55899317193689},{"name":"de Lanaudière / Bélanger","latitude":45.54365085053057,"longitude":-73.60565051436424},{"name":"Parc Benny (Benny / de Monkland)","latitude":45.46691310542626,"longitude":-73.6315867306621},{"name":"Mansfield / de la Gauchetière","latitude":45.499078974175056,"longitude":-73.56702102351846},{"name":"Collège André-Grasset (Crémazie / Christophe-Colomb)","latitude":45.550989649719114,"longitude":-73.63216600382657},{"name":"Duluth / de l'Esplanade","latitude":45.515132275425785,"longitude":-73.58105599880219},{"name":"Bennett / Ste-Catherine","latitude":45.55315915057821,"longitude":-73.53263273835182},{"name":"Marmier / St-Denis","latitude":45.53080495407925,"longitude":-73.59839648008347},{"name":"Robin / St-Timothée","latitude":45.51862424058306,"longitude":-73.56129348278046},{"name":"Robin / 15e Rue","latitude":45.55988743285077,"longitude":-73.69822025299072},{"name":"d'Anvers / Wiseman","latitude":45.53014304871808,"longitude":-73.6400398240221},{"name":"Parc Ernest-Rouleau (Gouin)","latitude":45.63131269772338,"longitude":-73.61631497740746},{"name":"St-Antoine / St-François-Xavier","latitude":45.5045770667804,"longitude":-73.55918392539024},{"name":"Parc St-Paul (Le Caron / Marc-Sauvalle)","latitude":45.461741021347436,"longitude":-73.58412176370621},{"name":"Charles-Biddle / Atwater","latitude":45.47913738100108,"longitude":-73.57514977455139},{"name":"Cartier / Masson","latitude":45.5380207402854,"longitude":-73.58352363109587},{"name":"Louis-Hémon / Rosemont","latitude":45.54430551341823,"longitude":-73.58791708946228},{"name":"St-Timothée / Ste-Catherine","latitude":45.5170563208812,"longitude":-73.55770137168292},{"name":"de Normanville / Everett","latitude":45.545432605263116,"longitude":-73.61438512802124},{"name":"Métro Place Saint-Henri (Charlebois / Saint-Ferdinand)","latitude":45.47689913441439,"longitude":-73.58656793832779},{"name":"15e avenue / Dandurand","latitude":45.554786595434784,"longitude":-73.57425928115845},{"name":"Métro St-Laurent (de Maisonneuve / St-Laurent)","latitude":45.51074821798916,"longitude":-73.56512099504471},{"name":"du Havre / de Rouen","latitude":45.53456256501449,"longitude":-73.55478646466509},{"name":"Hickson / Wellington","latitude":45.464826206909045,"longitude":-73.56712460517883},{"name":"Lajeunesse / de Liège","latitude":45.54566376066234,"longitude":-73.63510044919167},{"name":"Milton / du Parc","latitude":45.50936142835129,"longitude":-73.57386365532875},{"name":"19e avenue / St-Zotique","latitude":45.56168275734862,"longitude":-73.58564794063568},{"name":"Place du Canada (Peel / des Canadiens-de-Montréal)","latitude":45.497795545133336,"longitude":-73.56825113296509},{"name":"Armand-Frappier / Louis-R.-Renaud","latitude":45.554771570192926,"longitude":-73.73420745134354},{"name":"Parc Wilfrid-Bastien (Lacordaire / des Galets)","latitude":45.5864002,"longitude":-73.5952181},{"name":"Cartier / St-Joseph","latitude":45.53582823686429,"longitude":-73.57869029045105},{"name":"Bibliothèque d'Ahuntsic (Lajeunesse / Fleury)","latitude":45.5534000891078,"longitude":-73.66225451231003},{"name":"Pierce / Ste-Catherine","latitude":45.49445796005324,"longitude":-73.5787171125412},{"name":"Villeneuve / du Parc","latitude":45.518197623521424,"longitude":-73.59239235520363},{"name":"Parc St-Louis (St-Joseph / 34e avenue)","latitude":45.432839840726125,"longitude":-73.69349151849747},{"name":"Gare Montpellier (Muir / de la Côte-Vertu)","latitude":45.52374047147138,"longitude":-73.67169924080372},{"name":"de Chambly / de Rouen","latitude":45.5470496637535,"longitude":-73.54892179369926},{"name":"Crescent / de Maisonneuve","latitude":45.49812041247333,"longitude":-73.57759594917297},{"name":"Ste-Catherine / Towers","latitude":45.49228068089086,"longitude":-73.58096480369566},{"name":"Beaudry / Sherbrooke","latitude":45.52303493310712,"longitude":-73.56539458036421},{"name":"du Canal / McLaughlin","latitude":45.42969214118378,"longitude":-73.6694884300232},{"name":"Cartier / Marie-Anne","latitude":45.53280412806031,"longitude":-73.57190161943436},{"name":"Garnier / Beaubien","latitude":45.54144823434163,"longitude":-73.59839379787445},{"name":"Laval / Duluth","latitude":45.519192617838605,"longitude":-73.57715926134915},{"name":"Churchill / Empire","latitude":45.49211844605989,"longitude":-73.48672430497572},{"name":"Métro Rosemont (de St-Vallier / Rosemont)","latitude":45.53180536220488,"longitude":-73.5975547786984},{"name":"Beauregard / La Salle","latitude":45.511126706889264,"longitude":-73.4860880487031},{"name":"Dixie / 54e avenue","latitude":45.44255264540259,"longitude":-73.71770113706589},{"name":"Chabot / du Mont-Royal","latitude":45.53413436610844,"longitude":-73.57352435588837},{"name":"Basile-Routhier / Chabanel","latitude":45.549846830745,"longitude":-73.64767402410507},{"name":"Drolet / Gounod","latitude":45.54095134225734,"longitude":-73.62637460231781},{"name":"35e avenue/  Beaubien","latitude":45.569996465032766,"longitude":-73.57307481772295},{"name":"Alma / de Bellechasse","latitude":45.531034186281765,"longitude":-73.60352754592896},{"name":"Parc Émilie-Gamelin (St-Hubert / de Maisonneuve sud)","latitude":45.51586835126322,"longitude":-73.56008380651474},{"name":"Bishop / René-Lévesque","latitude":45.49536795507059,"longitude":-73.57401251792908},{"name":"Beurling / Godin","latitude":45.44791581215845,"longitude":-73.58381867408752},{"name":"de Batiscan / Hameury","latitude":45.585086209715826,"longitude":-73.67340981960297},{"name":"Boyer / du Mont-Royal","latitude":45.527432126380575,"longitude":-73.57991673052311},{"name":"BIXI K5","latitude":45.530297633587914,"longitude":-73.60139787197113},{"name":"Berri / Cherrier","latitude":45.519266156911335,"longitude":-73.5692971944809},{"name":"De Callières / d'Auvergne","latitude":45.593421978698636,"longitude":-73.6690217256546},{"name":"Adam / d'Orleans","latitude":45.54733170390415,"longitude":-73.53858858346939},{"name":"St-Joseph Lachine / 21e avenue","latitude":45.43352120253739,"longitude":-73.68354320526123},{"name":"Aylmer / Prince-Arthur","latitude":45.508566869474386,"longitude":-73.57769787311554},{"name":"St-Antoine / de la Montagne","latitude":45.495369835210354,"longitude":-73.56859177350998},{"name":"Leman / de Chateaubriand","latitude":45.54721107501036,"longitude":-73.63105237483978},{"name":"Ottawa / du Séminaire","latitude":45.4912954250061,"longitude":-73.56159925460815},{"name":"Christophe-Colomb / St-Joseph","latitude":45.53036486555959,"longitude":-73.58439266681671},{"name":"Hutchison / Prince-Arthur","latitude":45.50975858607626,"longitude":-73.57610732316971},{"name":"Parc Luigi-Pirandello (de Bretagne / Jean-Rivard)","latitude":45.57940569041942,"longitude":-73.60258877277374},{"name":"Fabrik8 (Waverly / Jean-Talon)","latitude":45.53330725719417,"longitude":-73.62082242965698},{"name":"Dézéry / Ontario","latitude":45.54095791741757,"longitude":-73.54702949523926},{"name":"Métro Lionel-Groulx (St-Jacques / Atwater)","latitude":45.48295816149219,"longitude":-73.57975836854166},{"name":"Gary-Carter / St-Laurent","latitude":45.53613488953656,"longitude":-73.62258464097977},{"name":"Métro Longueuil - Université de Sherbrooke (du Terminus)","latitude":45.5233308452134,"longitude":-73.52013658267424},{"name":"du President-Kennedy / Union","latitude":45.505102242483595,"longitude":-73.57187882065773},{"name":"Parc Olympique (Pie-IX / Sherbrooke)","latitude":45.554824549823,"longitude":-73.55370283126831},{"name":"de Castelnau / Lajeunesse","latitude":45.54043190217008,"longitude":-73.61650675535202},{"name":"St-Dominique / du Mont-Royal","latitude":45.52058062365273,"longitude":-73.5857605934143},{"name":"Parc St-Sacrement (des Seigneurs / St-Sacrement)","latitude":45.70234934325735,"longitude":-73.63957804443088},{"name":"Hôpital Pierre-Boucher (Jacques-Cartier / Bourdon)","latitude":45.536532102952236,"longitude":-73.4576690196991},{"name":"de l'Hôtel-de-Ville / Roy","latitude":45.51733075399989,"longitude":-73.57449866831303},{"name":"Ste-Catherine / de Bullion","latitude":45.51113072062821,"longitude":-73.56280624866486},{"name":"de Maisonneuve / Mackay","latitude":45.49652610927994,"longitude":-73.5787707567215},{"name":"St-Dominique / Bernard","latitude":45.52793332015246,"longitude":-73.60122251338906},{"name":"IUSMM (Georges-Villeneuve)","latitude":45.58661042838809,"longitude":-73.52969169616699},{"name":"Durocher / Bernard","latitude":45.52222528598142,"longitude":-73.60668718814848},{"name":"Hogan / Ontario","latitude":45.53530299560492,"longitude":-73.55113729834557},{"name":"St-Dominique / Jean-Talon","latitude":45.53520398241678,"longitude":-73.6175217570053},{"name":"Centre des loisirs (Tassé / Grenet)","latitude":45.51473429416659,"longitude":-73.69144901633263},{"name":"du Mont-Royal / Augustin-Frigon","latitude":45.54355786336148,"longitude":-73.56780052185059},{"name":"Fullum / Ontario","latitude":45.5303174,"longitude":-73.5548669},{"name":"McGill / des Récollets","latitude":45.5008091986628,"longitude":-73.55894923210143},{"name":"Ottawa / Peel","latitude":45.49417217345992,"longitude":-73.55937838554382},{"name":"du Parc-La Fontaine / Roy","latitude":45.522987952690826,"longitude":-73.56920063495635},{"name":"de Maisonneuve / Wood","latitude":45.48819793805841,"longitude":-73.58807051185067},{"name":"Métro Côte-des-Neiges (Jean-Brillant / de la Côte-des-Neiges)","latitude":45.495537539518104,"longitude":-73.6222583055769}]}}